,catid,type
0,6821,3.0
1,6837,3.0
2,7139,1.0
3,7206,2.0
4,7289,0.5
5,7715,0.5
6,7839,0.5
7,7841,1.5
8,7946,2.0
9,7969,0.5
10,7992,1.0
11,8319,3.0
12,8353,3.0
13,8391,-9.0
14,8404,3.0
15,8485,3.0
16,8487,0.5
17,8488,0.0
18,8490,-9.0
19,8562,3.0
20,8570,3.0
21,8703,2.0
22,8706,2.0
23,8865,0.0
24,8913,3.0
25,9032,0.5
26,9062,1.0
27,9067,2.5
28,9112,3.0
29,9115,3.0
30,9163,3.0
31,9352,2.5
32,14552,1.0
33,14555,3.0
34,14697,2.0
35,14753,2.0
36,14812,2.5
37,15165,0.5
38,15218,3.0
39,15220,3.0
40,15481,0.0
41,15847,3.0
42,15898,2.0
43,16022,0.5
44,16026,2.5
45,16242,1.5
46,16294,3.0
47,16310,3.0
48,16317,1.0
49,16382,0.5
50,16392,-9.0
51,16426,3.0
52,16429,-9.0
53,16430,3.0
54,16445,3.0
55,16487,2.5
56,16525,0.0
57,16526,0.0
58,16828,3.0
59,16863,3.0
60,16920,-9.0
61,16926,1.0
62,16948,3.0
63,17273,3.0
64,17314,2.0
65,17390,0.5
66,21836,3.0
67,21979,3.0
68,22121,-9.0
69,22175,3.0
70,22178,3.0
71,22582,0.5
72,22595,1.0
73,22633,3.0
74,22839,3.0
75,22862,3.0
76,22887,2.0
77,22932,3.0
78,23070,1.0
79,23075,1.5
80,23082,0.0
81,23117,1.5
82,23225,1.5
83,23259,2.5
84,23265,0.0
85,23337,2.5
86,23341,0.0
87,23519,3.0
88,23565,2.0
89,23578,3.0
90,23591,3.0
91,23593,3.0
92,23619,1.5
93,23623,1.0
94,23669,3.0
95,23737,3.0
96,23865,3.0
97,23868,3.0
98,24013,2.5
99,24414,3.0
100,24433,3.0
101,28654,3.0
102,28738,3.0
103,28860,3.0
104,30346,2.0
105,30361,1.0
106,30377,3.0
107,30469,0.5
108,30472,3.0
109,30615,0.5
110,30784,3.0
111,30786,2.0
112,30847,0.5
113,30890,3.0
114,30913,-9.0
115,30914,3.0
116,30916,2.5
117,31079,2.0
118,31129,3.0
119,31353,-9.0
120,31448,1.0
121,31452,3.0
122,31509,3.0
123,31620,2.0
124,31623,0.5
125,31725,3.0
126,31740,3.0
127,31912,1.5
128,31939,2.5
129,32136,3.0
130,32196,0.0
131,32249,3.0
132,32274,3.0
133,32295,3.0
134,32322,3.0
135,32362,2.0
136,36880,1.0
137,36894,3.0
138,36923,3.0
139,37050,3.0
140,37064,2.0
141,39057,0.0
142,39108,3.0
143,39131,3.0
144,39145,2.5
145,39365,2.0
146,39475,1.0
147,39539,3.0
148,39594,3.0
149,39671,-9.0
150,39709,1.5
151,39742,3.0
152,40164,2.0
153,40197,1.5
154,40278,2.0
155,40283,3.0
156,40403,1.0
157,40419,1.5
158,40420,3.0
159,40445,0.0
160,40453,3.0
161,40482,3.0
162,40491,0.5
163,40765,2.5
164,40916,3.0
165,41059,0.0
166,41075,3.0
167,41143,1.0
168,41144,2.0
169,41164,3.0
170,41173,3.0
171,41180,0.0
172,41274,0.5
173,41277,1.5
174,41302,1.5
175,41354,3.0
176,47152,0.0
177,47224,3.0
178,47245,3.0
179,47254,0.0
180,47258,1.5
181,47286,3.0
182,47293,1.0
183,47342,2.5
184,47460,2.0
185,47493,3.0
186,47500,3.0
187,47535,3.0
188,47652,3.0
189,47674,1.0
190,48016,2.5
191,48049,1.5
192,48432,2.0
193,48470,0.0
194,48506,2.5
195,48548,0.5
196,48681,1.0
197,48740,3.0
198,48969,3.0
199,49204,3.0
200,49670,3.0
201,49677,3.0
202,49702,2.5
203,49728,3.0
204,49730,3.0
205,49734,1.0
206,49753,3.0
207,49755,3.0
208,49784,1.0
209,49840,3.0
210,49857,3.0
211,53770,3.0
212,53771,3.0
213,53809,3.0
214,53977,3.0
215,54102,3.0
216,54198,2.0
217,54202,0.0
218,54270,0.0
219,54359,2.5
220,54375,2.5
221,54382,3.0
222,54455,3.0
223,54500,0.5
224,54848,3.0
225,54850,1.5
226,54895,3.0
227,54918,0.0
228,54921,0.0
229,54938,3.0
230,54957,2.0
231,55124,3.0
232,55143,0.0
233,55150,3.0
234,55160,3.0
235,55227,3.0
236,55245,2.5
237,55287,3.0
238,55346,3.0
239,55367,3.0
240,55372,3.0
241,55537,2.5
242,55648,3.0
243,55684,3.0
244,55905,3.0
245,56055,-9.0
246,56061,3.0
247,56064,2.0
248,56140,1.0
249,56181,0.0
250,56183,3.0
251,62145,3.0
252,62239,0.0
253,62244,0.0
254,62412,3.0
255,62435,3.0
256,62593,3.0
257,62718,3.0
258,63027,1.5
259,63210,1.5
260,63276,2.0
261,63302,2.5
262,63305,1.5
263,63389,2.5
264,63777,2.5
265,63779,2.5
266,63780,1.5
267,63855,3.0
268,63997,2.0
269,64087,2.5
270,64553,3.0
271,64646,1.5
272,64758,3.0
273,65237,3.0
274,65278,3.0
275,65355,3.0
276,65359,3.0
277,65384,2.0
278,65395,2.5
279,65406,2.0
280,65408,0.0
281,65410,0.5
282,69462,3.0
283,69513,3.0
284,69535,3.0
285,69620,3.0
286,69653,3.0
287,69740,-9.0
288,69752,2.0
289,69822,2.0
290,69844,3.0
291,69864,3.0
292,69986,2.0
293,70022,0.5
294,70107,3.0
295,70114,0.0
296,70403,2.0
297,70532,1.5
298,70640,0.5
299,70670,0.0
300,70719,2.5
301,70777,3.0
302,70802,0.0
303,70808,0.0
304,70929,2.5
305,71099,3.0
306,71117,3.0
307,71146,3.0
308,71178,0.5
309,71269,3.0
310,71352,0.0
311,71382,3.0
312,77226,1.5
313,77227,2.0
314,77373,3.0
315,77445,3.0
316,77446,2.0
317,77452,3.0
318,77710,1.5
319,77754,2.0
320,77845,3.0
321,77967,3.0
322,78355,1.5
323,78406,3.0
324,78425,2.5
325,78523,2.5
326,78530,0.5
327,78531,2.0
328,78634,1.0
329,78667,3.0
330,78791,3.0
331,78827,1.5
332,78921,3.0
333,79098,3.0
334,79329,3.0
335,79335,3.0
336,79444,2.5
337,79529,3.0
338,79601,3.0
339,79635,2.5
340,79670,3.0
341,79689,-9.0
342,79690,3.0
343,79693,1.5
344,79706,0.0
345,79710,3.0
346,79711,1.0
347,79712,3.0
348,79733,0.5
349,79734,3.0
350,79750,0.0
351,79771,3.0
352,79810,0.0
353,79850,-9.0
354,79866,0.0
355,84048,3.0
356,84073,1.5
357,84106,0.5
358,84107,2.5
359,84209,0.0
360,84677,2.0
361,84680,1.0
362,84734,0.5
363,84900,2.0
364,85205,0.0
365,85239,1.5
366,85280,2.0
367,85416,2.0
368,85418,2.0
369,85423,3.0
370,85464,3.0
371,85474,3.0
372,85479,2.5
373,85481,3.0
374,85505,2.0
375,85507,3.0
376,85559,0.0
377,85667,0.0
378,85707,1.5
379,85919,3.0
380,86115,3.0
381,86116,3.0
382,91510,3.0
383,91545,0.0
384,91568,0.5
385,91579,3.0
386,91589,2.0
387,91627,2.5
388,91686,1.0
389,91689,0.0
390,91691,0.5
391,91692,2.5
392,91697,0.5
393,91924,2.0
394,91926,1.5
395,91959,1.5
396,91961,0.5
397,91963,0.0
398,91988,0.5
399,91989,0.0
400,91996,1.5
401,91999,-9.0
402,92592,1.0
403,92676,3.0
404,92739,1.5
405,92770,-9.0
406,92773,0.0
407,92818,3.0
408,92944,3.0
409,93020,1.5
410,93023,2.0
411,93062,2.0
412,93167,3.0
413,93259,3.0
414,93354,2.5
415,93384,3.0
416,93604,3.0
417,93674,2.5
418,93803,0.0
419,93807,0.0
420,93832,3.0
421,93885,3.0
422,97915,0.5
423,98097,1.0
424,98143,3.0
425,98652,3.0
426,98880,0.0
427,99259,3.0
428,99326,3.0
429,99349,2.0
430,99393,2.0
431,99410,3.0
432,99428,0.0
433,99430,3.0
434,99464,3.0
435,99511,3.0
436,99513,3.0
437,99687,1.5
438,99742,1.5
439,99795,3.0
440,100162,3.0
441,100175,3.0
442,100192,3.0
443,105420,2.0
444,105447,1.5
445,105519,1.0
446,105573,3.0
447,105597,2.0
448,105600,3.0
449,105738,1.0
450,105962,3.0
451,106016,1.0
452,106042,3.0
453,106047,1.5
454,106049,3.0
455,106065,3.0
456,106331,3.0
457,106343,3.0
458,106376,3.0
459,106389,2.0
460,106507,3.0
461,106549,0.5
462,106616,3.0
463,106634,2.5
464,106638,2.0
465,106717,3.0
466,106810,1.5
467,106839,1.0
468,106908,2.5
469,107135,1.0
470,107137,0.5
471,107214,3.0
472,107259,3.0
473,107395,3.0
474,107454,-9.0
475,107503,2.5
476,107509,2.0
477,107528,0.0
478,107594,3.0
479,107799,3.0
480,107824,2.0
481,107826,-9.0
482,136232,1.5
483,136238,0.5
484,136240,3.0
485,136263,2.0
486,136308,1.5
487,136594,3.0
488,136602,0.0
489,136605,0.0
490,136616,1.0
491,136624,1.0
492,136626,3.0
493,136672,3.0
494,136688,2.0
495,136799,-9.0
496,136841,1.0
497,136842,0.0
498,136847,1.5
499,136856,-9.0
500,136866,2.5
501,136871,0.5
502,136880,1.5
503,136881,1.5
504,136894,3.0
505,136917,3.0
506,136918,3.0
507,136966,3.0
508,136980,3.0
509,137037,0.5
510,137071,3.0
511,137155,3.0
512,137328,1.5
513,137350,3.0
514,137455,3.0
515,137789,3.0
516,137809,2.0
517,137838,0.0
518,137841,1.0
519,137847,3.0
520,138047,3.0
521,138065,3.0
522,138066,3.0
523,138094,3.0
524,138132,3.0
525,138161,3.0
526,138291,-9.0
527,138381,3.0
528,139123,1.5
529,143148,3.0
530,143227,1.5
531,143287,1.0
532,143291,0.0
533,143388,3.0
534,143446,3.0
535,143499,3.0
536,143547,0.5
537,143605,2.5
538,143735,0.5
539,143736,1.5
540,143746,1.5
541,143750,3.0
542,143814,3.0
543,143918,1.0
544,144051,2.0
545,144073,3.0
546,144127,3.0
547,144176,3.0
548,144178,3.0
549,144197,3.0
550,144236,3.0
551,144239,3.0
552,144243,3.0
553,144320,-9.0
554,144327,2.0
555,144335,1.0
556,144338,3.0
557,144402,2.5
558,144465,5.0
559,144480,3.0
560,144491,3.0
561,144497,-9.0
562,144498,1.0
563,144640,1.0
564,144682,5.0
565,144690,1.5
566,144846,3.0
567,145073,3.0
568,145267,-9.0
569,145462,3.0
570,145583,3.0
571,145729,1.5
572,176868,-9.0
573,176934,3.0
574,176955,2.5
575,176969,3.0
576,176991,3.0
577,177010,1.5
578,177046,3.0
579,177081,3.0
580,177100,1.5
581,177143,2.0
582,177232,1.0
583,177297,-9.0
584,177303,2.0
585,177326,3.0
586,177354,3.0
587,177481,3.0
588,177518,3.0
589,177969,0.0
590,178149,3.0
591,178190,1.0
592,178197,2.0
593,178210,3.0
594,178290,3.0
595,178300,3.0
596,178481,3.0
597,178578,3.0
598,178580,3.0
599,178585,3.0
600,178865,3.0
601,179566,3.0
602,179584,2.5
603,179588,2.0
604,179665,3.0
605,183932,3.0
606,184042,0.0
607,184046,0.0
608,184122,2.0
609,184202,1.0
610,184230,3.0
611,184234,3.0
612,184237,3.0
613,184268,2.0
614,184281,3.0
615,184283,3.0
616,184354,3.0
617,184366,1.5
618,184368,2.0
619,184370,3.0
620,184415,3.0
621,184648,0.0
622,184689,1.5
623,184718,3.0
624,184834,3.0
625,185085,1.0
626,185190,3.0
627,185224,1.0
628,185252,3.0
629,185282,2.0
630,185291,3.0
631,185298,3.0
632,185365,0.5
633,185376,3.0
634,185510,3.0
635,185532,3.0
636,185557,3.0
637,185567,0.5
638,185569,3.0
639,185622,3.0
640,185795,3.0
641,185863,3.0
642,185914,0.5
643,186012,0.0
644,186380,3.0
645,186406,3.0
646,186467,-9.0
647,186470,1.0
648,186573,1.5
649,186717,3.0
650,186742,3.0
651,186803,2.5
652,186833,3.0
653,186861,3.0
654,197419,3.0
655,197555,2.0
656,197843,3.0
657,197866,2.0
658,198343,1.0
659,198503,3.0
660,198591,3.0
661,198631,1.0
662,198771,3.0
663,198817,2.0
664,202309,3.0
665,202354,3.0
666,202360,2.0
667,202373,3.0
668,202398,2.0
669,202399,1.0
670,202443,2.0
671,202464,1.5
672,202480,0.5
673,202531,2.5
674,202636,3.0
675,202673,2.5
676,202745,1.5
677,203037,3.0
678,203114,2.0
679,203140,1.0
680,203148,3.0
681,203609,3.0
682,203684,3.0
683,203729,2.5
684,203833,0.0
685,203998,3.0
686,204093,1.0
687,204096,3.0
688,204490,2.0
689,204799,2.0
690,204832,0.0
691,204836,-9.0
692,204868,5.0
693,204876,3.0
694,204877,0.0
695,204906,2.0
696,204983,1.0
697,205020,1.5
698,205085,0.0
699,205086,0.0
700,205089,1.0
701,205097,2.0
702,205151,2.5
703,205161,1.0
704,205166,1.5
705,205168,1.0
706,205208,1.0
707,205211,0.5
708,208520,3.0
709,208589,2.0
710,208612,3.0
711,208652,0.0
712,208781,3.0
713,208876,1.0
714,208892,3.0
715,209181,3.0
716,209185,0.5
717,209279,3.0
718,209319,3.0
719,209414,3.0
720,209664,3.0
721,209680,0.0
722,209697,2.0
723,209698,2.0
724,209701,2.0
725,209708,3.0
726,209743,3.0
727,209807,2.0
728,210060,3.0
729,210070,-9.0
730,210228,1.5
731,210375,1.0
732,210467,0.0
733,210567,3.0
734,210611,2.0
735,210660,2.0
736,210781,3.0
737,210808,3.0
738,210909,3.0
739,214182,3.0
740,214184,1.5
741,214211,0.5
742,214245,3.0
743,214250,0.0
744,214295,1.5
745,214363,1.0
746,214462,3.0
747,214860,3.0
748,214895,1.0
749,215053,2.0
750,215289,0.0
751,215292,3.0
752,215335,2.0
753,215579,2.0
754,215698,3.0
755,216111,2.0
756,216143,3.0
757,216149,1.0
758,216155,2.5
759,216184,0.0
760,216396,1.0
761,216401,-9.0
762,216532,3.0
763,216670,2.0
764,216843,3.0
765,218681,3.0
766,218713,1.5
767,218717,3.0
768,219992,1.0
769,220112,0.0
770,220126,3.0
771,220170,3.0
772,220217,2.5
773,220218,0.0
774,220227,-9.0
775,220275,3.0
776,220319,3.0
777,220320,3.0
778,220326,2.0
779,220328,1.0
780,220330,2.5
781,220332,2.5
782,220355,3.0
783,220371,3.0
784,220372,3.0
785,220374,2.5
786,220375,3.0
787,220383,3.0
788,220394,1.0
789,220396,1.5
790,220437,0.0
791,220439,3.0
792,220450,3.0
793,220465,0.5
794,220499,1.0
795,220502,1.0
796,220515,3.0
797,220578,3.0
798,220687,3.0
799,220750,3.0
800,220751,3.0
801,220951,3.0
802,221014,1.5
803,221050,3.0
804,221052,1.5
805,221194,3.0
806,221369,3.0
807,221375,3.0
808,221432,3.0
809,227036,3.0
810,227079,3.0
811,227123,2.0
812,227134,3.0
813,227168,3.0
814,227176,3.0
815,227223,3.0
816,227230,3.0
817,227264,1.5
818,227266,0.0
819,227278,1.0
820,227289,3.0
821,227290,5.0
822,227317,3.0
823,227351,2.5
824,227371,3.0
825,227407,3.0
826,227428,2.5
827,227572,3.0
828,227607,2.0
829,227611,1.0
830,227614,2.0
831,227617,0.0
832,227618,2.5
833,227673,3.0
834,227905,1.0
835,227961,2.5
836,227970,3.0
837,228066,1.5
838,228086,3.0
839,228104,-9.0
840,228105,2.0
841,228278,3.0
842,228349,2.5
843,228428,3.0
844,228432,3.0
845,228433,3.0
846,228564,2.0
847,228570,2.0
848,228575,-9.0
849,228608,2.5
850,228708,0.0
851,228740,2.0
852,228767,-9.0
853,229097,3.0
854,229163,2.0
855,229164,0.5
856,229167,2.5
857,229220,-9.0
858,229263,3.0
859,229335,3.0
860,229369,3.0
861,229461,3.0
862,230174,3.0
863,230421,1.0
864,230455,0.5
865,230556,0.0
866,230560,3.0
867,230567,1.0
868,230634,2.0
869,230683,0.0
870,230714,2.5
871,230719,3.0
872,230774,3.0
873,230776,0.0
874,230777,-9.0
875,230786,0.0
876,230787,0.0
877,230789,0.5
878,230793,1.0
879,230796,-9.0
880,230797,0.0
881,230813,3.0
882,230829,3.0
883,230836,2.0
884,230837,-9.0
885,230880,1.0
886,230884,3.0
887,230898,-9.0
888,230901,3.0
889,231024,3.0
890,231528,1.5
891,237990,3.0
892,238072,3.0
893,238080,3.0
894,238085,3.0
895,238094,3.0
896,238125,3.0
897,238131,3.0
898,238164,3.0
899,238203,1.5
900,238204,2.0
901,238211,0.0
902,238212,0.0
903,238213,1.5
904,238214,0.5
905,238216,1.5
906,238221,3.0
907,238276,1.0
908,238282,1.0
909,238325,0.5
910,238328,3.0
911,238350,2.0
912,238351,2.0
913,238358,2.0
914,238360,3.0
915,238369,2.5
916,238395,3.0
917,238398,-9.0
918,238406,3.0
919,238412,1.0
920,238453,0.5
921,238458,0.0
922,238496,1.5
923,238500,0.0
924,238922,0.0
925,239092,3.0
926,239109,2.0
927,239172,3.0
928,239249,3.0
929,239292,0.5
930,239376,3.0
931,239490,3.0
932,239560,2.5
933,240108,3.0
934,240202,3.0
935,240205,3.0
936,240227,2.5
937,240263,2.5
938,240352,1.5
939,240432,2.0
940,240449,3.0
941,250179,-9.0
942,250183,0.5
943,250192,1.5
944,250243,0.0
945,250277,3.0
946,250466,2.5
947,250473,2.0
948,251297,3.0
949,251367,3.0
950,251887,2.0
951,252005,2.0
952,252008,-9.0
953,252021,2.0
954,252057,0.5
955,252074,3.0
956,252091,3.0
957,271385,2.0
958,271387,1.0
959,271431,1.5
960,271455,2.0
961,271465,3.0
962,271481,1.5
963,271538,0.5
964,271562,3.0
965,271610,1.5
966,272190,0.0
967,272298,2.0
968,272439,1.0
969,272443,2.0
970,272488,0.5
971,272543,3.0
972,272571,3.0
973,272667,3.0
974,272748,3.0
975,272820,0.0
976,272822,3.0
977,272831,0.5
978,272833,0.5
979,272990,0.5
980,272995,1.5
981,272996,3.0
982,273092,3.0
983,273242,3.0
984,273256,1.5
985,273296,3.0
986,273309,3.0
987,273336,1.0
988,273514,3.0
989,273577,3.0
990,273654,1.0
991,273750,3.0
992,273845,0.0
993,273850,1.0
994,273889,1.5
995,273925,3.0
996,273951,3.0
997,273952,3.0
998,273966,-9.0
999,273976,-9.0
1000,273986,3.0
1001,278074,3.0
1002,278109,1.5
1003,278350,0.5
1004,278390,2.0
1005,278548,3.0
1006,278554,3.0
1007,278643,3.0
1008,278684,3.0
1009,278702,3.0
1010,278703,3.0
1011,278736,1.5
1012,278741,3.0
1013,278760,3.0
1014,278773,5.0
1015,278787,3.0
1016,278802,1.5
1017,278804,1.5
1018,278812,3.0
1019,278826,3.0
1020,278840,0.5
1021,278846,3.0
1022,278855,3.0
1023,278909,3.0
1024,278995,3.0
1025,279066,3.0
1026,279148,2.5
1027,279160,3.0
1028,279261,2.5
1029,279818,3.0
1030,279840,1.0
1031,279878,0.0
1032,279886,3.0
1033,279891,3.0
1034,279905,0.5
1035,279910,0.5
1036,279917,3.0
1037,279932,0.0
1038,279943,3.0
1039,287692,0.5
1040,287824,2.5
1041,287827,1.5
1042,288364,3.0
1043,288424,3.0
1044,288461,3.0
1045,288679,1.0
1046,288694,0.5
1047,288756,-9.0
1048,288777,3.0
1049,288801,5.0
1050,288803,0.0
1051,288851,2.0
1052,288891,-9.0
1053,288903,3.0
1054,288904,2.5
1055,288923,-9.0
1056,288982,1.0
1057,288989,2.5
1058,288992,2.0
1059,288999,3.0
1060,289085,-9.0
1061,289089,1.0
1062,289095,-9.0
1063,289096,0.5
1064,289097,1.5
1065,289102,1.0
1066,289107,3.0
1067,289109,-9.0
1068,289112,-9.0
1069,289113,1.0
1070,289116,3.0
1071,289118,1.5
1072,289168,0.5
1073,289170,1.0
1074,289176,-9.0
1075,289185,3.0
1076,289194,-9.0
1077,289197,1.5
1078,289198,1.5
1079,289200,3.0
1080,289217,3.0
1081,289279,3.0
1082,289427,3.0
1083,289429,3.0
1084,289957,1.5
1085,290052,3.0
1086,290071,3.0
1087,290323,1.0
1088,290328,2.0
1089,290396,3.0
1090,290423,3.0
1091,296599,3.0
1092,296638,2.0
1093,296639,2.5
1094,296677,1.5
1095,296685,3.0
1096,296713,3.0
1097,296725,2.5
1098,296742,3.0
1099,296798,2.5
1100,296829,1.5
1101,296847,3.0
1102,296848,3.0
1103,296927,1.0
1104,296934,2.5
1105,297053,1.5
1106,297557,3.0
1107,297633,2.5
1108,297667,2.5
1109,297694,3.0
1110,297705,3.0
1111,298042,3.0
1112,298106,3.0
1113,298114,2.5
1114,298190,3.0
1115,298572,2.5
1116,298590,0.0
1117,298591,1.5
1118,298612,3.0
1119,298665,3.0
1120,298666,2.5
1121,298738,3.0
1122,298862,2.5
1123,298888,3.0
1124,298980,-9.0
1125,300350,3.0
1126,300372,-9.0
1127,300406,0.5
1128,300411,0.0
1129,300477,3.0
1130,300613,3.0
1131,300659,0.0
1132,300691,0.0
1133,300787,1.0
1134,300821,3.0
1135,300887,3.0
1136,301098,3.0
1137,301191,1.5
1138,301199,1.5
1139,301201,1.5
1140,301346,2.5
1141,301381,2.5
1142,301382,3.0
1143,301519,0.0
1144,301799,-9.0
1145,301885,3.0
1146,301893,-9.0
1147,301937,0.5
1148,301994,1.0
1149,302006,3.0
1150,302657,3.0
1151,302684,1.0
1152,302810,2.5
1153,302846,3.0
1154,302973,3.0
1155,302994,3.0
1156,303099,2.0
1157,318936,3.0
1158,319018,3.0
1159,319020,3.0
1160,319049,2.5
1161,319057,3.0
1162,319059,1.0
1163,319060,1.0
1164,319064,2.5
1165,319067,1.0
1166,319070,0.5
1167,319139,3.0
1168,319150,3.0
1169,319157,1.5
1170,319196,0.5
1171,319197,1.5
1172,319231,0.0
1173,319243,3.0
1174,319272,3.0
1175,319290,3.0
1176,319293,0.5
1177,319299,1.5
1178,319381,3.0
1179,319385,1.5
1180,319393,3.0
1181,319395,0.5
1182,319397,2.0
1183,319400,2.0
1184,319402,1.0
1185,319452,1.0
1186,319453,2.0
1187,319499,3.0
1188,320068,3.0
1189,320124,3.0
1190,320254,3.0
1191,320281,3.0
1192,321022,3.0
1193,321035,1.0
1194,321059,1.0
1195,321146,0.5
1196,321207,3.0
1197,322910,3.0
1198,323133,3.0
1199,323194,3.0
1200,323224,3.0
1201,323242,-9.0
1202,323329,2.0
1203,323504,2.0
1204,323505,2.5
1205,323507,3.0
1206,323541,1.0
1207,323558,1.5
1208,323566,0.0
1209,323575,3.0
1210,323577,3.0
1211,323593,0.5
1212,323854,1.5
1213,323855,2.5
1214,323874,3.0
1215,323888,3.0
1216,324157,-9.0
1217,324179,3.0
1218,324323,3.0
1219,324351,1.5
1220,324753,3.0
1221,324799,3.0
1222,324865,3.0
1223,324963,2.0
1224,325001,3.0
1225,325007,2.0
1226,325321,1.0
1227,325376,3.0
1228,325378,2.0
1229,325390,3.0
1230,325441,5.0
1231,325467,0.5
1232,325533,2.5
1233,325536,2.5
1234,345646,3.0
1235,345682,3.0
1236,345754,1.5
1237,345758,0.0
1238,345767,0.5
1239,345820,1.5
1240,345845,0.0
1241,345848,0.0
1242,346046,1.0
1243,346257,3.0
1244,346440,3.0
1245,346475,3.0
1246,346504,1.5
1247,346623,0.5
1248,346680,3.0
1249,346718,3.0
1250,346752,2.0
1251,346793,3.0
1252,346837,0.0
1253,346839,1.0
1254,346842,3.0
1255,346861,3.0
1256,346887,0.5
1257,346890,1.0
1258,346892,2.0
1259,346894,1.5
1260,347263,3.0
1261,347432,1.0
1262,347470,2.0
1263,347471,0.5
1264,347522,3.0
1265,347570,3.0
1266,347571,2.5
1267,347769,2.5
1268,348048,2.0
1269,348115,1.0
1270,348116,2.0
1271,348118,2.0
1272,365316,3.0
1273,365334,2.0
1274,370997,0.5
1275,371037,3.0
1276,371145,1.5
1277,371170,2.0
1278,371171,0.0
1279,371172,0.0
1280,371227,-9.0
1281,371633,2.0
1282,371714,1.5
1283,371750,3.0
1284,371789,2.0
1285,371882,0.5
1286,371889,1.5
1287,371943,1.5
1288,371959,3.0
1289,371976,1.0
1290,372074,3.0
1291,372105,1.5
1292,372123,0.0
1293,372129,3.0
1294,372133,0.5
1295,372320,3.0
1296,372374,3.0
1297,372384,-9.0
1298,372408,1.0
1299,372446,-9.0
1300,372452,0.5
1301,372541,3.0
1302,372568,2.5
1303,372599,2.5
1304,373105,1.5
1305,373163,0.0
1306,373168,0.0
1307,373173,1.0
1308,373202,3.0
1309,373237,0.0
1310,373248,3.0
1311,373284,2.0
1312,375376,3.0
1313,375402,3.0
1314,375531,3.0
1315,375560,0.5
1316,375564,1.0
1317,375610,3.0
1318,375615,0.5
1319,375751,2.0
1320,375904,3.0
1321,376001,-9.0
1322,376033,0.0
1323,376097,1.0
1324,376121,2.0
1325,376136,3.0
1326,376161,3.0
1327,376163,3.0
1328,376165,3.0
1329,376184,3.0
1330,376185,3.0
1331,376282,3.0
1332,376293,2.0
1333,376340,3.0
1334,376379,3.0
1335,376478,3.0
1336,376587,2.5
1337,376679,2.0
1338,376703,0.0
1339,376802,2.0
1340,376990,2.5
1341,377348,3.0
1342,377562,1.5
1343,377597,2.5
1344,377666,1.5
1345,377710,0.5
1346,377892,3.0
1347,377962,3.0
1348,378060,3.0
1349,378104,1.0
1350,378142,3.0
1351,380578,0.0
1352,380682,3.0
1353,380697,1.0
1354,380734,0.0
1355,381156,1.5
1356,381157,1.0
1357,381159,2.5
1358,381160,1.0
1359,381206,0.0
1360,381207,1.0
1361,381215,3.0
1362,381219,0.5
1363,381221,1.0
1364,381225,3.0
1365,381229,0.0
1366,381502,3.0
1367,381802,3.0
1368,381979,1.0
1369,382152,2.5
1370,382154,0.0
1371,382158,1.0
1372,382505,0.0
1373,382538,1.0
1374,382563,0.5
1375,382631,2.5
1376,382659,1.0
1377,382731,2.5
1378,382764,3.0
1379,383033,3.0
1380,383130,3.0
1381,383147,1.0
1382,383259,2.0
1383,383283,2.5
1384,383318,3.0
1385,386264,3.0
1386,386268,1.0
1387,386285,2.0
1388,386286,3.0
1389,386316,1.5
1390,386366,2.0
1391,386402,2.0
1392,386431,3.0
1393,386673,0.5
1394,386720,2.0
1395,386722,0.5
1396,386892,1.5
1397,386898,2.5
1398,387041,3.0
1399,387042,1.0
1400,387080,1.5
1401,387553,0.5
1402,387675,1.5
1403,387687,3.0
1404,387690,3.0
1405,387715,1.0
1406,387719,3.0
1407,388146,1.0
1408,388200,2.5
1409,388390,3.0
1410,388424,2.0
1411,388451,3.0
1412,388476,2.0
1413,388479,3.0
1414,388513,0.5
1415,388552,1.0
1416,388558,1.0
1417,388603,3.0
1418,396584,2.0
1419,396607,2.0
1420,396615,1.5
1421,396621,1.5
1422,396709,2.5
1423,396781,1.5
1424,396833,2.0
1425,397449,3.0
1426,402934,3.0
1427,402988,-9.0
1428,417392,3.0
1429,417424,3.0
1430,417433,2.0
1431,417440,0.0
1432,417441,2.0
1433,417453,2.0
1434,417471,-9.0
1435,417486,0.5
1436,417568,3.0
1437,417580,0.5
1438,417678,2.5
1439,418047,3.0
1440,418086,1.5
1441,418624,2.5
1442,418630,1.0
1443,418693,1.5
1444,418725,2.0
1445,418737,-9.0
1446,418795,3.0
1447,418831,3.0
1448,418971,3.0
1449,419205,3.0
1450,419294,1.0
1451,419299,3.0
1452,419334,3.0
1453,419335,1.0
1454,419345,1.0
1455,419549,2.5
1456,419632,3.0
1457,422286,2.0
1458,422289,2.5
1459,422291,0.0
1460,422292,1.0
1461,422320,3.0
1462,422355,3.0
1463,422359,1.5
1464,422366,3.0
1465,422389,0.0
1466,422406,0.0
1467,422411,-9.0
1468,422436,1.5
1469,422443,1.5
1470,422446,1.5
1471,422464,3.0
1472,422486,3.0
1473,422501,3.0
1474,422610,3.0
1475,422619,3.0
1476,422639,3.0
1477,422649,2.0
1478,422683,3.0
1479,422721,3.0
1480,422761,2.0
1481,422888,3.0
1482,422907,-9.0
1483,422921,3.0
1484,422933,2.0
1485,423267,1.0
1486,423270,2.0
1487,423416,3.0
1488,423784,1.5
1489,457505,3.0
1490,457615,1.5
1491,460374,2.0
1492,460378,2.0
1493,460380,2.0
1494,460424,3.0
1495,460756,2.0
1496,460767,1.5
1497,463119,2.5
1498,463148,0.5
1499,463264,2.0
1500,463288,3.0
1501,463317,3.0
1502,463367,3.0
1503,463434,2.5
1504,463641,3.0
1505,463643,3.0
1506,463660,3.0
1507,463668,2.0
1508,484976,1.5
1509,485046,3.0
1510,485047,1.5
1511,485127,2.0
1512,485504,1.5
1513,485529,3.0
1514,485646,3.0
1515,485688,2.5
1516,485690,2.5
1517,485823,3.0
1518,485833,2.0
1519,485834,2.5
1520,485882,2.0
1521,485883,0.5
1522,485885,3.0
1523,485919,2.0
1524,485921,0.0
1525,485922,2.5
1526,485924,2.0
1527,486092,3.0
1528,486213,3.0
1529,486275,2.0
1530,486276,2.0
1531,486782,3.0
1532,486834,2.5
1533,486872,2.0
1534,486957,2.0
1535,487010,3.0
1536,487019,2.5
1537,487027,3.0
1538,487060,1.5
1539,487175,3.0
1540,491457,1.0
1541,491460,3.0
1542,491475,3.0
1543,491508,1.0
1544,491509,2.0
1545,491552,3.0
1546,491608,3.0
1547,491743,3.0
1548,491887,2.0
1549,491956,3.0
1550,491960,2.0
1551,492384,2.0
1552,492411,0.0
1553,492414,3.0
1554,492486,0.0
1555,492690,0.5
1556,492883,1.5
1557,492941,0.0
1558,492957,3.0
1559,493028,0.5
1560,493621,2.5
1561,493702,5.0
1562,493811,3.0
1563,493812,3.0
1564,493825,3.0
1565,493832,2.5
1566,493838,1.0
1567,496966,3.0
1568,496978,3.0
1569,497035,0.5
1570,504713,2.5
1571,504730,1.0
1572,504877,1.0
1573,504879,0.5
1574,504882,2.5
1575,504922,-9.0
1576,505316,2.0
1577,505341,1.0
1578,505765,0.0
1579,505788,2.0
1580,505817,3.0
1581,505828,2.0
1582,505979,2.5
1583,506038,3.0
1584,506070,3.0
1585,506119,0.0
1586,507721,0.0
1587,508132,1.0
1588,508138,1.5
1589,508144,1.5
1590,508180,0.5
1591,508184,1.5
1592,508268,0.5
1593,508312,1.5
1594,508315,1.5
1595,508351,2.0
1596,508352,2.5
1597,508412,3.0
1598,508414,3.0
1599,508416,3.0
1600,508421,2.0
1601,508480,3.0
1602,508481,3.0
1603,508568,1.5
1604,508593,0.5
1605,508632,0.5
1606,508680,3.0
1607,508682,3.0
1608,508751,0.5
1609,508906,-9.0
1610,508908,2.0
1611,508938,3.0
1612,509012,2.5
1613,509075,0.0
1614,509080,1.0
1615,509397,2.0
1616,509444,3.0
1617,509516,3.0
1618,509557,3.0
1619,509576,3.0
1620,509670,3.0
1621,509726,3.0
1622,509727,3.0
1623,509852,3.0
1624,509892,3.0
1625,511456,2.5
1626,511789,3.0
1627,511863,2.5
1628,511864,-9.0
1629,511867,2.5
1630,511890,1.5
1631,511892,1.0
1632,511921,3.0
1633,511923,-9.0
1634,512170,2.0
1635,512197,1.5
1636,512204,2.0
1637,512254,3.0
1638,512312,1.0
1639,512524,3.0
1640,513001,3.0
1641,513066,3.0
1642,513108,3.0
1643,513236,3.0
1644,513267,3.0
1645,514022,1.5
1646,514029,2.5
1647,514212,3.0
1648,514214,0.0
1649,514218,1.0
1650,514260,3.0
1651,516973,2.0
1652,517046,3.0
1653,517070,3.0
1654,517130,3.0
1655,517164,2.0
1656,517167,3.0
1657,517205,0.0
1658,517211,1.0
1659,517212,1.0
1660,517244,1.5
1661,517247,2.5
1662,517249,3.0
1663,517256,3.0
1664,517273,3.0
1665,517278,0.5
1666,517279,0.0
1667,517295,-9.0
1668,517302,1.5
1669,517306,3.0
1670,517307,3.0
1671,517310,3.0
1672,517334,-9.0
1673,517465,1.0
1674,517594,3.0
1675,517802,3.0
1676,517868,3.0
1677,517960,3.0
1678,518026,3.0
1679,518041,2.0
1680,518755,2.0
1681,518782,2.0
1682,518829,0.5
1683,518870,3.0
1684,519089,3.0
1685,519141,0.5
1686,521719,3.0
1687,521736,2.5
1688,521753,3.0
1689,521768,2.5
1690,521794,1.0
1691,521823,0.0
1692,521894,3.0
1693,521898,3.0
1694,521991,2.5
1695,521997,2.0
1696,522033,1.0
1697,522127,3.0
1698,522166,3.0
1699,527984,2.0
1700,534654,2.5
1701,534655,0.5
1702,534710,2.5
1703,534753,2.5
1704,534759,3.0
1705,534760,0.0
1706,534763,1.0
1707,534793,5.0
1708,534885,3.0
1709,534904,1.0
1710,535007,3.0
1711,535135,1.5
1712,535157,3.0
1713,535283,3.0
1714,535387,2.0
1715,535417,3.0
1716,535429,2.0
1717,535974,3.0
1718,536087,3.0
1719,536173,3.0
1720,536201,3.0
1721,536235,0.5
1722,536332,2.5
1723,536363,3.0
1724,536454,0.0
1725,536463,1.0
1726,536625,2.5
1727,536626,3.0
1728,536784,3.0
1729,536963,0.5
1730,536994,1.0
1731,537084,1.0
1732,537163,3.0
1733,537171,3.0
1734,537187,3.0
1735,537226,2.0
1736,537240,3.0
1737,537317,2.5
1738,537361,2.0
1739,537365,1.0
1740,537367,5.0
1741,537386,3.0
1742,537399,3.0
1743,537417,3.0
1744,537426,2.0
1745,537467,1.0
1746,537476,3.0
1747,543489,0.0
1748,543491,3.0
1749,543494,3.0
1750,543498,2.0
1751,543499,1.5
1752,543501,1.0
1753,543531,0.5
1754,543536,-9.0
1755,543537,0.0
1756,543552,1.5
1757,543553,0.5
1758,543554,1.5
1759,543738,3.0
1760,543752,3.0
1761,543763,3.0
1762,543769,3.0
1763,543797,2.0
1764,543812,3.0
1765,543859,1.5
1766,543860,3.0
1767,543895,2.5
1768,543998,2.0
1769,544084,3.0
1770,544749,1.0
1771,544812,3.0
1772,544853,3.0
1773,544958,2.5
1774,545157,3.0
1775,545306,3.0
1776,545411,3.0
1777,545903,1.0
1778,545925,3.0
1779,545986,3.0
1780,546043,3.0
1781,546073,3.0
1782,548739,3.0
1783,548835,0.5
1784,548872,1.5
1785,548914,2.0
1786,548946,2.0
1787,548947,2.5
1788,549070,0.5
1789,549180,2.5
1790,549182,3.0
1791,549216,3.0
1792,549296,0.0
1793,549313,-9.0
1794,550328,2.0
1795,550330,3.0
1796,550353,3.0
1797,550431,3.0
1798,550582,2.5
1799,550677,3.0
1800,550780,2.0
1801,550781,1.0
1802,550844,2.5
1803,551192,3.0
1804,551202,3.0
1805,551332,2.5
1806,551350,3.0
1807,551368,5.0
1808,551488,2.0
1809,551505,0.5
1810,551507,2.0
1811,551619,0.0
1812,551655,2.0
1813,551656,2.0
1814,551672,3.0
1815,558861,3.0
1816,558887,3.0
1817,559061,3.0
1818,559250,0.5
1819,559292,3.0
1820,559300,3.0
1821,559477,3.0
1822,559490,0.0
1823,559495,3.0
1824,559574,3.0
1825,559584,3.0
1826,559609,3.0
1827,560206,1.5
1828,560208,3.0
1829,560238,1.5
1830,560333,3.0
1831,560341,1.0
1832,560405,3.0
1833,560407,2.5
1834,560718,3.0
1835,560779,3.0
1836,560883,1.5
1837,560946,3.0
1838,560982,0.5
1839,561020,2.0
1840,561143,3.0
1841,561488,1.5
1842,561856,2.0
1843,561891,3.0
1844,567445,1.5
1845,567545,2.0
1846,567586,3.0
1847,567598,2.0
1848,567624,3.0
1849,567676,3.0
1850,567678,2.0
1851,567682,3.0
1852,567736,3.0
1853,567750,3.0
1854,567760,3.0
1855,567876,3.0
1856,567983,3.0
1857,568549,2.0
1858,568817,-9.0
1859,569433,3.0
1860,569466,2.0
1861,569555,1.5
1862,570033,3.0
1863,570090,2.5
1864,570110,3.0
1865,570114,3.0
1866,570119,3.0
1867,570174,3.0
1868,570197,2.5
1869,570203,0.5
1870,570206,1.5
1871,570207,1.0
1872,570214,-9.0
1873,570227,2.0
1874,570233,3.0
1875,570240,1.0
1876,570364,3.0
1877,572402,2.5
1878,573586,2.5
1879,573617,1.5
1880,573620,3.0
1881,573621,2.0
1882,573625,2.0
1883,573736,3.0
1884,573756,3.0
1885,573776,2.5
1886,573872,3.0
1887,573915,2.5
1888,574008,3.0
1889,574029,3.0
1890,574193,3.0
1891,574200,3.0
1892,574285,2.0
1893,574313,3.0
1894,574423,0.5
1895,574572,3.0
1896,574617,2.0
1897,574692,3.0
1898,574934,3.0
1899,575097,3.0
1900,575339,0.0
1901,575532,2.0
1902,575579,3.0
1903,575623,3.0
1904,575625,2.0
1905,575670,2.5
1906,583427,2.0
1907,583443,3.0
1908,583479,3.0
1909,583508,3.0
1910,583551,3.0
1911,583637,2.0
1912,583716,3.0
1913,583723,0.0
1914,583744,3.0
1915,584013,2.0
1916,584682,1.0
1917,584731,3.0
1918,585035,3.0
1919,585121,3.0
1920,585196,0.5
1921,585215,0.0
1922,585226,3.0
1923,585231,3.0
1924,585314,3.0
1925,585359,2.5
1926,585386,2.0
1927,585420,3.0
1928,585422,3.0
1929,585561,-9.0
1930,585659,3.0
1931,585694,3.0
1932,585755,2.0
1933,586326,3.0
1934,586330,1.0
1935,586494,3.0
1936,592216,2.5
1937,592294,1.0
1938,592401,3.0
1939,592419,1.0
1940,592421,2.0
1941,592466,3.0
1942,592542,3.0
1943,592835,3.0
1944,592858,1.5
1945,592863,3.0
1946,592999,2.5
1947,593117,2.5
1948,593526,3.0
1949,593642,1.5
1950,593645,3.0
1951,593680,3.0
1952,593682,3.0
1953,593813,1.0
1954,594049,0.0
1955,594053,1.5
1956,594059,3.0
1957,594265,3.0
1958,594313,2.0
1959,594364,3.0
1960,594674,3.0
1961,594723,3.0
1962,594731,3.0
1963,594785,3.0
1964,594834,2.0
1965,594906,3.0
1966,594918,3.0
1967,594946,0.5
1968,594964,3.0
1969,594967,3.0
1970,594970,3.0
1971,594986,3.0
1972,594990,1.5
1973,594992,5.0
1974,595027,3.0
1975,595060,2.0
1976,595088,3.0
1977,598911,3.0
1978,598968,3.0
1979,598999,2.0
1980,599095,3.0
1981,599134,3.0
1982,599310,2.0
1983,599329,3.0
1984,599582,2.5
1985,599689,0.5
1986,599761,2.0
1987,599834,0.0
1988,599838,0.0
1989,599839,3.0
1990,599846,2.5
1991,599862,3.0
1992,599873,3.0
1993,599877,2.0
1994,600014,3.0
1995,600026,2.5
1996,600030,2.0
1997,600312,3.0
1998,600417,2.0
1999,600595,-9.0
2000,600743,0.5
2001,600882,0.5
2002,600915,1.0
2003,600916,2.5
2004,600929,1.0
2005,600973,0.5
2006,600974,3.0
2007,600977,2.0
2008,601013,1.0
2009,601018,1.5
2010,601095,0.5
2011,601102,1.5
2012,601105,1.5
2013,601157,3.0
2014,601210,1.0
2015,601255,2.0
2016,601283,0.0
2017,601323,2.0
2018,601395,-9.0
2019,609307,2.5
2020,609330,1.0
2021,609358,1.5
2022,609396,2.5
2023,609433,3.0
2024,609571,3.0
2025,609598,3.0
2026,609912,2.0
2027,609948,1.5
2028,610054,2.5
2029,610396,1.5
2030,610398,3.0
2031,610404,1.0
2032,610474,2.0
2033,610545,2.0
2034,610700,3.0
2035,610816,3.0
2036,610846,2.0
2037,610893,3.0
2038,610997,3.0
2039,611002,3.0
2040,611051,3.0
2041,611094,3.0
2042,611220,2.0
2043,611223,3.0
2044,611629,2.5
2045,611647,3.0
2046,617655,3.0
2047,617665,-9.0
2048,617945,3.0
2049,617989,1.5
2050,618071,3.0
2051,618100,1.0
2052,618108,2.0
2053,618116,2.0
2054,618142,1.0
2055,618143,1.5
2056,618144,1.0
2057,618151,0.0
2058,618152,3.0
2059,618220,2.0
2060,618904,1.5
2061,618906,1.5
2062,618912,0.5
2063,618929,0.0
2064,618930,0.5
2065,618931,0.0
2066,618935,3.0
2067,618937,0.5
2068,618938,1.0
2069,618941,1.0
2070,618942,0.0
2071,618947,0.5
2072,618952,1.5
2073,618976,1.0
2074,618988,1.0
2075,618992,2.0
2076,618993,2.0
2077,619046,3.0
2078,619094,3.0
2079,619095,2.5
2080,619097,2.0
2081,619098,3.0
2082,619104,3.0
2083,619105,3.0
2084,619220,3.0
2085,619224,3.0
2086,619258,0.0
2087,619553,3.0
2088,619737,3.0
2089,619989,2.5
2090,619995,3.0
2091,620034,2.5
2092,620087,3.0
2093,620091,-9.0
2094,620092,2.5
2095,620098,2.5
2096,621988,2.0
2097,622084,3.0
2098,622228,2.0
2099,622305,2.0
2100,622333,3.0
2101,622350,0.0
2102,622394,3.0
2103,622429,1.5
2104,622434,2.0
2105,622534,3.0
2106,622588,3.0
2107,622596,2.0
2108,622694,2.0
2109,622744,3.0
2110,622770,1.5
2111,622787,1.0
2112,622858,3.0
2113,622982,3.0
2114,623017,0.5
2115,623043,1.0
2116,623143,1.5
2117,623144,2.0
2118,623161,2.0
2119,623272,2.0
2120,623366,2.5
2121,623432,2.0
2122,623620,3.0
2123,623641,3.0
2124,623679,2.5
2125,623712,3.0
2126,623722,3.0
2127,623726,3.0
2128,663440,0.5
2129,695871,3.0
2130,718921,2.5
2131,751043,3.0
2132,760733,3.0
2133,3622327,3.0
2134,3623223,3.0
2135,3628218,0.5
2136,3628809,3.0
2137,3630097,2.0
2138,3630239,3.0
2139,3630943,1.5
2140,3631885,1.5
2141,3631902,2.0
2142,3632384,3.0
2143,3634556,0.0
2144,3894635,2.0
2145,3895257,2.5
2146,3895503,-9.0
2147,3895823,2.5
2148,3896912,3.0
2149,3897281,1.5
2150,3913888,1.0
2151,9008500001,0.0
2152,9008500002,0.0
2153,9008500004,1.5
2154,9008500007,0.0
2155,9008500018,0.5
2156,9008500020,0.0
2157,9008500022,0.5
2158,9008500024,0.5
2159,9008500034,1.0
2160,9008500042,0.0
2161,9008500043,3.0
2162,9008500059,0.0
2163,9008500062,2.0
2164,9008500064,0.0
2165,9008500067,1.0
2166,9008500068,0.0
2167,9008500069,1.0
2168,9008500070,1.0
2169,9008500074,3.0
2170,9008500077,0.0
2171,9008500080,1.5
2172,9008500082,1.0
2173,9008500083,1.0
2174,9008500084,2.5
2175,9008500089,1.0
2176,9008500093,1.0
2177,9008500096,0.0
2178,9008500099,-9.0
2179,9008500100,1.5
2180,9008500103,2.0
2181,9008500105,1.0
2182,9008500107,2.5
2183,9008500110,1.0
2184,9008500114,0.0
2185,9008500117,2.5
2186,9008500118,0.0
2187,9008500120,-9.0
2188,9008500122,0.5
2189,9008500128,1.5
2190,9008500130,0.5
2191,9008500134,0.5
2192,9008500135,0.5
2193,9008500137,1.5
2194,9008500138,0.0
2195,9008500139,0.0
2196,9008500141,2.5
2197,9008500145,0.0
2198,9008500158,1.5
2199,9008500160,0.5
2200,9008500161,3.0
2201,9008500166,1.5
2202,9008500169,0.0
2203,9008500171,1.0
2204,9008500172,1.0
2205,9008500175,1.5
2206,9008500181,3.0
2207,9008500182,0.0
2208,9008500185,3.0
2209,9008500190,0.0
2210,9008500193,0.5
2211,9008500196,1.0
2212,9008500197,0.5
2213,9008500204,1.5
2214,9008500205,3.0
2215,9008500208,0.5
2216,9008500209,2.0
2217,9008500210,1.0
2218,9008500220,1.0
2219,9008500221,1.5
2220,9008500224,1.0
2221,9008500225,0.0
2222,9008500227,1.0
2223,9008500228,2.0
2224,9008500234,0.0
2225,9008500236,1.0
2226,9008500237,1.0
2227,9008500239,1.0
2228,9008500240,0.5
2229,9008500245,0.5
2230,9008500246,1.0
2231,9008500249,0.5
2232,9008500251,1.0
2233,9008500256,1.0
2234,9008500264,2.5
2235,9008500268,2.0
2236,9008500282,1.0
2237,9008500292,1.0
2238,9008500296,1.0
2239,9008500302,1.0
2240,9008500303,0.0
2241,9008500307,0.0
2242,9008500314,1.0
2243,9008500316,2.0
2244,9008500318,2.5
2245,9008500323,1.5
2246,9008500326,1.5
2247,9008500328,0.0
2248,9008500333,0.0
2249,9008500339,0.5
2250,9008500347,0.0
2251,9008500351,0.5
2252,9008500356,2.0
2253,9008500359,0.5
2254,9008500362,1.0
2255,9008500365,0.0
2256,9008500376,2.0
2257,9008500391,1.0
2258,9008500394,1.0
2259,9008500398,1.5
2260,9008500405,1.0
2261,9008500450,1.5
2262,9008500454,3.0
2263,9008500461,3.0
2264,9008500463,1.5
2265,9008500472,3.0
2266,9008500477,1.5
2267,9008500492,1.5
2268,9008500500,2.5
2269,9008500511,1.5
2270,9008500516,1.5
2271,9008500524,1.0
2272,9008500533,0.5
2273,9008500535,2.0
2274,9008500542,0.5
2275,9008500586,1.0
2276,9008500615,1.5
2277,9008500624,3.0
2278,9008500631,0.5
2279,9008500643,1.5
2280,9008500646,2.0
2281,9008500663,0.5
2282,9008500673,2.0
2283,9008500679,1.5
2284,9008500681,3.0
2285,9008500688,0.0
2286,9008500689,3.0
2287,9008500690,1.0
2288,9008500701,2.0
2289,9008500716,1.5
2290,9008500717,3.0
2291,9008500722,1.5
2292,9008500723,1.5
2293,9008500724,1.5
2294,9008500730,1.5
2295,9008500731,1.0
2296,9008500735,1.0
2297,9008500744,1.0
2298,9008500748,3.0
2299,9008500751,-9.0
2300,9008500753,0.5
2301,9008500759,1.0
2302,9008500777,1.0
2303,9008500783,2.5
2304,9008500795,1.5
2305,9008500805,3.0
2306,9008500829,0.0
2307,9008500848,1.0
2308,9008500857,3.0
2309,9008500862,1.0
2310,9008500868,0.0
2311,9008500890,1.5
2312,9008500892,0.0
2313,9008500893,0.5
2314,9008500897,0.5
2315,9008500907,2.5
2316,9008500938,2.0
2317,9008500939,1.5
2318,9008500951,1.0
2319,9008500968,0.0
2320,9008501016,1.5
2321,9008501024,-9.0
2322,9008501028,1.0
2323,9008501058,0.5
2324,9008501077,0.0
2325,9008501098,1.5
2326,9008501218,1.5
2327,9011900001,0.0
2328,9011900002,0.0
2329,9011900003,1.5
2330,9011900005,1.0
2331,9011900006,0.0
2332,9011900009,0.5
2333,9011900012,0.5
2334,9011900013,0.5
2335,9011900014,2.5
2336,9011900017,-9.0
2337,9011900019,-9.0
2338,9011900020,2.5
2339,9011900024,0.0
2340,9011900025,1.0
2341,9011900026,1.0
2342,9011900030,2.0
2343,9011900034,0.5
2344,9011900037,1.5
2345,9011900038,-9.0
2346,9011900044,-9.0
2347,9011900045,0.5
2348,9011900048,1.0
2349,9011900049,1.0
2350,9011900051,0.0
2351,9011900054,0.5
2352,9011900057,1.0
2353,9011900060,0.5
2354,9011900068,-9.0
2355,9011900072,1.5
2356,9011900073,0.0
2357,9011900074,0.0
2358,9011900082,1.0
2359,9011900084,2.0
2360,9011900086,0.5
2361,9011900087,3.0
2362,9011900091,1.0
2363,9011900096,1.0
2364,9011900097,1.0
2365,9011900100,2.0
2366,9011900101,2.5
2367,9011900103,1.5
2368,9011900113,2.5
2369,9011900115,-9.0
2370,9011900117,3.0
2371,9011900118,1.0
2372,9011900121,1.5
2373,9011900123,1.0
2374,9011900125,2.0
2375,9011900127,0.5
2376,9011900128,3.0
2377,9011900137,1.0
2378,9011900138,1.5
2379,9011900144,2.5
2380,9011900147,2.0
2381,9011900150,2.0
2382,9011900152,3.0
2383,9011900156,0.5
2384,9011900157,0.5
2385,9011900161,-9.0
2386,9011900163,1.5
2387,9011900165,1.0
2388,9011900166,3.0
2389,9011900168,0.5
2390,9011900170,1.0
2391,9011900174,-9.0
2392,9011900175,0.5
2393,9011900183,0.0
2394,9011900186,1.0
2395,9011900189,0.0
2396,9011900196,1.5
2397,9011900198,0.5
2398,9011900201,1.0
2399,9011900202,1.0
2400,9011900208,2.5
2401,9011900210,1.5
2402,9011900211,1.5
2403,9011900216,0.0
2404,9011900217,1.0
2405,9011900218,1.5
2406,9011900222,1.0
2407,9011900225,3.0
2408,9011900228,2.5
2409,9011900232,1.5
2410,9011900233,0.5
2411,9011900238,-9.0
2412,9011900241,-9.0
2413,9011900242,2.0
2414,9011900245,-9.0
2415,9011900247,1.5
2416,9011900250,1.0
2417,9011900251,0.5
2418,9011900254,0.0
2419,9011900261,0.5
2420,9011900263,0.5
2421,9011900264,1.5
2422,9011900265,1.5
2423,9011900271,3.0
2424,9011900272,0.5
2425,9011900273,1.5
2426,9011900274,1.0
2427,9011900279,1.0
2428,9011900281,0.5
2429,9011900285,1.0
2430,9011900287,0.5
2431,9011900288,2.5
2432,9011900298,0.5
2433,9011900302,1.5
2434,9011900304,0.5
2435,9011900309,-9.0
2436,9011900312,0.0
2437,9011900314,0.5
2438,9011900321,1.0
2439,9011900322,1.5
2440,9011900325,0.0
2441,9011900328,0.0
2442,9011900329,0.5
2443,9011900330,2.5
2444,9011900338,1.5
2445,9011900340,1.5
2446,9011900342,1.5
2447,9011900343,1.5
2448,9011900347,2.0
2449,9011900348,3.0
2450,9011900351,1.5
2451,9011900353,1.5
2452,9011900364,3.0
2453,9011900365,0.5
2454,9011900367,2.0
2455,9011900371,1.5
2456,9011900376,1.5
2457,9011900383,1.0
2458,9011900392,-9.0
2459,9011900404,1.5
2460,9011900407,0.5
2461,9011900413,0.5
2462,9011900418,0.0
2463,9011900421,0.5
2464,9011900422,0.5
2465,9011900429,0.5
2466,9011900430,0.0
2467,9011900438,0.0
2468,9011900440,1.0
2469,9011900441,2.0
2470,9011900450,2.0
2471,9011900451,1.0
2472,9011900453,1.5
2473,9011900459,0.5
2474,9011900460,1.5
2475,9011900462,1.0
2476,9011900475,0.0
2477,9011900476,-9.0
2478,9011900479,1.0
2479,9011900492,0.5
2480,9011900498,0.5
2481,9011900500,1.0
2482,9011900511,3.0
2483,9011900519,2.0
2484,9011900520,-9.0
2485,9011900521,2.0
2486,9011900529,1.5
2487,9011900535,1.0
2488,9011900538,1.0
2489,9011900539,1.5
2490,9011900547,0.0
2491,9011900554,0.5
2492,9011900557,1.0
2493,9011900558,2.5
2494,9011900584,2.0
2495,9011900590,0.5
2496,9011900592,1.5
2497,9011900599,2.0
2498,9011900609,1.5
2499,9011900614,3.0
2500,9011900617,1.0
2501,9011900622,1.0
2502,9011900630,1.5
2503,9011900671,2.5
2504,9011900680,1.0
2505,9011900684,-9.0
2506,9011900691,2.5
2507,9011900696,-9.0
2508,9011900708,1.5
2509,9011900711,0.0
2510,9011900714,2.0
2511,9011900735,3.0
2512,9011900752,3.0
2513,9011900757,0.5
2514,9011900759,2.5
2515,9011900772,3.0
2516,9011900774,3.0
2517,9011900776,2.0
2518,9011900783,3.0
2519,9011900785,0.5
2520,9011900789,1.5
2521,9011900793,1.5
2522,9011900807,1.5
2523,9011900816,1.5
2524,9011900837,2.5
2525,9011900859,2.0
2526,9011900865,2.5
2527,9011900874,0.0
2528,9011900885,1.5
2529,9011900934,1.5
2530,9016800001,0.0
2531,9016800002,0.0
2532,9016800008,2.0
2533,9016800009,0.5
2534,9016800010,0.5
2535,9016800013,1.5
2536,9016800014,1.0
2537,9016800024,1.0
2538,9016800037,0.0
2539,9016800038,0.0
2540,9016800039,1.0
2541,9016800041,0.5
2542,9016800047,1.0
2543,9016800056,1.0
2544,9016800061,0.5
2545,9016800063,-9.0
2546,9016800065,2.0
2547,9016800069,1.5
2548,9016800071,0.5
2549,9016800072,1.0
2550,9016800074,3.0
2551,9016800079,1.5
2552,9016800080,1.0
2553,9016800084,1.0
2554,9016800087,1.0
2555,9016800089,2.0
2556,9016800092,2.5
2557,9016800093,2.0
2558,9016800094,0.5
2559,9016800095,2.5
2560,9016800105,3.0
2561,9016800106,0.0
2562,9016800109,2.5
2563,9016800110,2.0
2564,9016800113,1.5
2565,9016800123,2.5
2566,9016800130,1.0
2567,9016800131,1.5
2568,9016800138,0.5
2569,9016800143,-9.0
2570,9016800144,3.0
2571,9016800147,2.0
2572,9016800153,1.5
2573,9016800156,0.0
2574,9016800160,1.5
2575,9016800163,3.0
2576,9016800167,2.0
2577,9016800171,1.5
2578,9016800185,3.0
2579,9016800186,3.0
2580,9016800187,0.5
2581,9016800197,0.0
2582,9016800216,2.5
2583,9016800219,3.0
2584,9016800222,1.0
2585,9016800228,1.5
2586,9016800229,1.0
2587,9016800231,-9.0
2588,9016800232,3.0
2589,9016800234,1.5
2590,9016800236,0.0
2591,9016800241,1.5
2592,9016800245,3.0
2593,9016800246,2.5
2594,9016800259,1.0
2595,9016800263,2.5
2596,9016800266,3.0
2597,9016800272,1.0
2598,9016800274,3.0
2599,9016800275,0.0
2600,9016800276,1.5
2601,9016800287,3.0
2602,9016800303,0.0
2603,9016800304,1.5
2604,9016800308,1.5
2605,9016800314,3.0
2606,9016800317,1.5
2607,9016800318,2.5
2608,9016800321,2.0
2609,9016800323,2.0
2610,9016800343,2.0
2611,9016800346,-9.0
2612,9016800351,2.5
2613,9016800356,3.0
2614,9016800358,2.5
2615,9016800385,3.0
2616,9016800386,3.0
2617,9016800393,2.0
2618,9016800396,2.5
2619,9016800412,1.0
2620,9016800416,1.0
2621,9016800424,3.0
2622,9016800425,2.5
2623,9016800428,2.0
2624,9016800440,1.5
2625,9016800559,2.0
2626,9044200001,0.0
2627,9044200004,0.5
2628,9044200007,0.0
2629,9044200015,1.0
2630,9044200025,0.0
2631,9044200027,0.5
2632,9044200028,1.5
2633,9044200032,0.5
2634,9044200042,2.0
2635,9044200047,2.5
2636,9044200057,1.0
2637,9044200061,0.0
2638,9044200062,0.5
2639,9044200070,0.0
2640,9044200075,2.5
2641,9044200079,0.5
2642,9044200090,1.0
2643,9044200091,0.5
2644,9044200104,1.5
2645,9044200107,1.0
2646,9044200121,3.0
2647,9044200130,1.0
2648,9044200138,-9.0
2649,9044200140,1.0
2650,9044200147,3.0
2651,9044200148,0.0
2652,9044200155,1.0
2653,9044200158,0.0
2654,9044200170,1.0
2655,9044200175,0.0
2656,9044200176,1.0
2657,9044200179,1.5
2658,9044200188,-9.0
2659,9044200195,1.5
2660,9044200204,1.5
2661,9044200205,1.0
2662,9044200215,1.0
2663,9044200217,1.5
2664,9044200248,3.0
2665,9044200249,2.5
2666,9044200269,1.5
2667,9044200290,3.0
2668,9044200305,2.5
2669,9044200316,1.5
2670,9044200348,1.5
2671,9044200383,1.0
2672,9044200446,3.0
2673,9091700001,0.0
2674,9091700002,0.0
2675,9091700005,0.0
2676,9091700014,1.5
2677,9091700022,1.5
2678,9091700024,0.0
2679,9091700025,0.0
2680,9091700033,1.5
2681,9091700034,-9.0
2682,9091700037,0.0
2683,9091700038,1.0
2684,9091700047,0.5
2685,9091700061,0.5
2686,9091700062,-9.0
2687,9091700063,1.5
2688,9091700076,1.5
2689,9091700089,3.0
2690,9091700092,0.5
2691,9091700107,0.5
2692,9091700111,1.0
2693,9091700123,3.0
2694,9091700135,2.0
2695,9091700137,3.0
2696,9091700139,-9.0
2697,9091700141,-9.0
2698,9091700143,0.5
2699,9091700152,2.5
2700,9091700200,3.0
2701,9091700201,-9.0
2702,9091700202,3.0
2703,9091700225,1.5
2704,9091700231,1.5
2705,9091700242,1.0
2706,9091700393,2.0
2707,9091700399,-9.0
2708,9091700404,2.5
2709,9091700444,3.0
2710,9091700469,1.0
2711,9091700725,1.0
2712,9091700733,0.0
2713,9091701020,0.0
2714,9091701222,0.5
2715,9091701454,1.5
2716,9239900001,1.0
2717,9239900002,3.0
2718,9239900003,1.0
2719,9239900004,1.0
2720,9239900009,1.0
2721,9239900010,0.0
2722,9239900011,0.5
2723,9239900012,0.0
2724,9239900013,1.0
2725,9239900017,1.0
2726,9239900019,0.5
2727,9239900020,0.0
2728,9239900024,1.5
2729,9239900034,1.0
2730,9239900035,1.5
2731,9239900038,2.5
2732,9239900039,0.5
2733,9239900040,-9.0
2734,9239900054,0.0
2735,9239900056,0.0
2736,9239900060,2.0
2737,9239900063,2.5
2738,9239900067,0.0
2739,9239900068,0.0
2740,9239900071,2.5
2741,9239900082,2.0
2742,9239900088,1.0
2743,9239900100,1.0
2744,9239900105,1.5
2745,9239900106,-9.0
2746,9239900107,1.5
2747,9239900108,0.0
2748,9239900112,1.5
2749,9239900114,1.0
2750,9239900117,1.5
2751,9239900118,2.0
2752,9239900119,2.0
2753,9239900120,2.0
2754,9239900122,0.0
2755,9239900125,1.0
2756,9239900126,0.0
2757,9239900127,1.0
2758,9239900131,1.5
2759,9239900135,1.5
2760,9239900136,1.0
2761,9239900138,0.0
2762,9239900141,3.0
2763,9239900142,3.0
2764,9239900145,1.0
2765,9239900146,3.0
2766,9239900147,0.0
2767,9239900150,1.0
2768,9239900152,0.5
2769,9239900155,3.0
2770,9239900161,1.5
2771,9239900167,1.0
2772,9239900169,1.5
2773,9239900175,1.0
2774,9239900178,1.5
2775,9239900180,3.0
2776,9239900182,2.0
2777,9239900185,1.5
2778,9239900196,0.0
2779,9239900202,0.0
2780,9239900205,0.0
2781,9239900208,2.5
2782,9239900211,1.0
2783,9239900212,2.0
2784,9239900222,3.0
2785,9239900236,1.5
2786,9239900237,2.5
2787,9239900242,0.0
2788,9239900246,2.0
2789,9239900248,1.5
2790,9239900256,0.0
2791,9239900268,2.0
2792,9239900272,3.0
2793,9239900277,0.0
2794,9239900289,1.5
2795,9239900293,1.5
2796,9239900300,1.0
2797,9239900315,1.5
2798,9239900327,3.0
2799,9239900337,2.0
2800,9239900342,-9.0
2801,9239900345,0.5
2802,9239900346,-9.0
2803,9239900354,1.0
2804,9239900357,3.0
2805,9239900362,1.0
2806,9239900366,3.0
2807,9239900370,2.5
2808,9239900385,1.5
2809,9239900386,1.5
2810,9239900390,1.0
2811,9239900395,2.0
2812,9239900398,1.0
2813,9239900403,0.5
2814,9239900408,2.0
2815,9239900416,3.0
2816,9239900446,2.0
2817,9239900457,1.0
2818,9239900465,2.0
2819,9239900478,1.5
2820,9239900492,0.0
2821,9239900501,1.5
2822,9239900536,3.0
2823,9239900540,0.0
2824,9239900555,0.5
2825,9239900565,3.0
2826,9239900567,0.5
2827,9239900579,-9.0
2828,9239900588,1.0
2829,9239900615,3.0
2830,9239900630,2.5
2831,9239900641,1.5
2832,9239900643,2.5
2833,9239900645,0.0
2834,9239900659,2.5
2835,9239900663,2.0
2836,9239900778,3.0
2837,9239900803,2.5
2838,9239900821,1.5
2839,9239900827,2.5
2840,9239900852,2.5
2841,9239900947,3.0
2842,9239900970,0.0
2843,9239901001,0.0
2844,9239901020,0.5
2845,9239901025,1.5
2846,9239901098,2.5
2847,9239901116,1.5
2848,9239901179,0.0
2849,9239901253,0.5
2850,9239901328,2.0
2851,9239901360,2.0
2852,9239901557,2.0
2853,9388000001,0.0
2854,9388000002,1.0
2855,9388000003,0.5
2856,9388000004,2.0
2857,9388000005,1.5
2858,9388000006,2.0
2859,9388000007,0.0
2860,9388000022,0.5
2861,9388000027,0.0
2862,9388000032,1.5
2863,9388000033,1.0
2864,9388000035,0.0
2865,9388000041,1.5
2866,9388000043,0.5
2867,9388000044,0.5
2868,9388000046,1.5
2869,9388000048,1.0
2870,9388000051,0.0
2871,9388000053,2.5
2872,9388000055,0.0
2873,9388000056,1.0
2874,9388000058,1.0
2875,9388000062,1.0
2876,9388000063,2.0
2877,9388000065,1.0
2878,9388000067,1.0
2879,9388000068,0.0
2880,9388000073,1.0
2881,9388000074,1.5
2882,9388000080,-9.0
2883,9388000084,0.5
2884,9388000088,3.0
2885,9388000099,1.5
2886,9388000101,1.5
2887,9388000105,1.5
2888,9388000113,3.0
2889,9388000120,0.0
2890,9388000122,0.0
2891,9388000124,1.0
2892,9388000130,1.5
2893,9388000132,2.0
2894,9388000135,0.0
2895,9388000137,0.5
2896,9388000139,2.5
2897,9388000142,1.5
2898,9388000146,1.0
2899,9388000156,0.5
2900,9388000160,1.5
2901,9388000190,2.0
2902,9388000195,0.5
2903,9388000197,1.5
2904,9388000200,0.0
2905,9388000219,2.5
2906,9388000248,1.0
2907,9388000253,1.0
2908,9388000256,0.5
2909,9388000266,0.0
2910,9388000269,1.5
2911,9388000278,1.5
2912,9388000296,1.0
2913,9388000297,3.0
2914,9388000303,1.5
2915,9388000338,2.0
2916,9388000343,2.5
2917,9388000360,2.0
2918,9388000364,3.0
2919,9388000373,-9.0
2920,9388000380,1.0
2921,9388000391,2.0
2922,9388000397,2.0
2923,9388000400,1.5
2924,9388000416,0.0
2925,9388000437,1.5
2926,9388000471,1.0
2927,9388000487,1.5
2928,9388000489,0.0
2929,9388000496,1.5
2930,9388000547,1.5
2931,9388000566,1.5
2932,9388000571,3.0
2933,9388000597,0.0
2934,9388000614,5.0
2935,9388000716,3.0
2936,9388000773,0.0
2937,9388000785,1.0
2938,9388000807,1.0
2939,9388000825,1.0
2940,9388000827,1.0
2941,9388000914,2.0
2942,9388000921,1.0
2943,9388000949,0.0
2944,9388000993,1.0
2945,9388001005,2.0
2946,9388001017,1.5
2947,9388001101,2.5
2948,9388001133,0.0
2949,9403800001,0.0
2950,9403800002,0.0
2951,9403800003,1.0
2952,9403800004,0.0
2953,9403800005,0.0
2954,9403800007,1.0
2955,9403800008,1.0
2956,9403800013,0.5
2957,9403800016,1.0
2958,9403800017,0.5
2959,9403800021,1.5
2960,9403800022,-9.0
2961,9403800023,0.5
2962,9403800025,0.5
2963,9403800026,0.0
2964,9403800028,5.0
2965,9403800029,0.5
2966,9403800032,1.0
2967,9403800035,0.0
2968,9403800044,3.0
2969,9403800045,1.0
2970,9403800047,0.0
2971,9403800057,0.0
2972,9403800064,0.5
2973,9403800073,0.5
2974,9403800077,0.0
2975,9403800083,2.0
2976,9403800086,0.0
2977,9403800094,-9.0
2978,9403800099,-9.0
2979,9403800101,1.0
2980,9403800111,-9.0
2981,9403800114,1.5
2982,9403800116,-9.0
2983,9403800117,0.0
2984,9403800119,0.0
2985,9403800120,1.0
2986,9403800121,0.5
2987,9403800123,0.0
2988,9403800131,0.5
2989,9403800135,-9.0
2990,9403800140,1.5
2991,9403800148,1.5
2992,9403800149,0.5
2993,9403800156,1.0
2994,9403800159,0.5
2995,9403800161,2.0
2996,9403800165,0.5
2997,9403800167,0.5
2998,9403800168,0.0
2999,9403800169,1.5
3000,9403800184,0.0
3001,9403800187,0.5
3002,9403800215,0.5
3003,9403800231,1.5
3004,9403800245,1.5
3005,9403800248,-9.0
3006,9403800250,0.5
3007,9403800256,1.5
3008,9403800272,2.0
3009,9403800283,2.5
3010,9403800295,1.0
3011,9403800301,0.5
3012,9403800315,-9.0
3013,9403800318,3.0
3014,9403800319,-9.0
3015,9403800347,0.5
3016,9403800349,1.5
3017,9403800352,3.0
3018,9403800359,0.5
3019,9403800371,1.0
3020,9403800381,1.0
3021,9403800390,1.0
3022,9403800397,2.0
3023,9403800404,2.0
3024,9403800462,0.5
3025,9403800466,1.0
3026,9403800473,1.0
3027,9403800490,2.5
3028,9403800507,0.0
3029,9403800520,0.0
3030,9403800521,1.5
3031,9403800551,2.5
3032,9403800559,1.5
3033,9403800560,1.5
3034,9403800581,-9.0
3035,9403800586,2.0
3036,9403800619,2.0
3037,9403800636,1.0
3038,9403800637,1.5
3039,9403800639,2.5
3040,9403800690,2.5
3041,9403800694,1.5
3042,9403800745,-9.0
3043,9403800746,0.5
3044,9403800757,1.0
3045,9403800763,1.0
3046,9403800798,0.0
3047,9403800813,1.0
3048,9403800814,2.0
3049,9403800833,0.0
3050,9403800881,2.5
3051,9403800911,0.0
3052,9403800929,1.5
3053,9403800958,2.5
3054,9403800968,2.0
3055,9403800992,3.0
3056,9403801002,0.0
3057,9403801010,1.0
3058,9403801061,1.5
3059,9403801062,0.0
3060,9403801088,2.5
3061,9403801173,2.0
3062,9403801183,1.5
3063,9403801268,1.5
3064,9403801272,2.5
3065,9403801281,1.5
3066,9403801368,0.0
3067,9403801579,0.0
